amfi_code,fund_house,scheme_name,category,sub_category,plan,expense_ratio_pct,cagr_1yr_pct,cagr_3yr_pct,cagr_5yr_pct,cagr_5yr_available,annualized_return_pct,annualized_volatility_pct,sharpe_ratio,sortino_ratio,alpha_pct,beta,r_squared,max_drawdown_pct,drawdown_start_date,drawdown_trough_date,drawdown_recovery_date,return_3yr_rank_score,sharpe_rank_score,alpha_rank_score,expense_rank_score,max_drawdown_rank_score,score_0_100,tracking_error_nifty100_pct,tracking_error_nifty50_pct,aum_crore
100016,HDFC Mutual Fund,HDFC Top 100 Fund - Regular Plan - Growth,Equity,Large Cap,Regular,1.55,-2.2257773892688015,1.2923525892154508,,False,2.551325211011266,12.30042952202974,-0.3210192604995429,-0.4728224084369744,3.747580763443281,-0.0582684314388089,0.0026650326981333,-24.734440880673304,2022-03-30,2022-09-15,2023-03-14,87.5,85.0,97.5,80.0,85.0,87.5,19.534541825693687,19.46609667504284,930000.0
102886,UTI Mutual Fund,UTI Mid Cap Fund - Regular - Growth,Equity,Mid Cap,Regular,1.51,-16.807959958672036,-0.7672319440258146,,False,1.978633056877262,15.332441289191184,-0.294888912851089,-0.4205889785291456,2.8969397866379443,-0.0421250290218943,0.0008964294600687,-28.00112356639287,2025-01-07,2026-04-27,,92.5,82.5,100.0,61.25000000000001,87.5,86.31,22.3294629944714,22.346191760752045,410000.0
119095,Axis Mutual Fund,Axis Small Cap Fund - Regular - Growth,Equity,Small Cap,Regular,1.38,-42.81949516662213,-11.703299329834216,,False,3.2858414048511952,21.193443362831076,-0.1516581586164416,-0.2163460093482832,4.801595363775955,-0.066951174639292,0.0011851593464486,-51.677753708526566,2025-05-22,2026-05-11,,100.0,80.0,92.5,42.5,97.5,84.62,28.342784880408026,28.143949675011616,350000.0
101207,Aditya Birla Sun Life MF,ABSL Small Cap Fund - Regular - Growth,Equity,Small Cap,Regular,1.53,-24.000309180292632,-4.151453816140693,,False,7.647758498249846,21.81298265430815,0.0526181364758548,0.0756683044515278,10.897091901704538,-0.0652892478835152,0.0010641052735572,-35.44691649336603,2024-11-21,2026-05-11,,97.5,67.5,67.5,71.25,95.0,79.81,29.29983547207924,28.998001154645248,460000.0
119092,Axis Mutual Fund,Axis Bluechip Fund - Regular - Growth,Equity,Large Cap,Regular,1.64,1.61022963455828,0.5257668501786883,,False,4.954548796260085,11.796511781793413,-0.1310091688396518,-0.1891883316951388,6.899529821677549,0.0097307450011536,8.082637693810774e-05,-14.40161790933726,2023-10-12,2025-02-07,2025-12-31,90.0,75.0,75.0,98.75,37.5,79.31,18.58209409998254,19.22045533792453,350000.0
119599,SBI Mutual Fund,SBI Small Cap Fund - Direct Plan - Growth,Equity,Small Cap,Direct,0.72,13.957994357447737,-1.337083602283895,,False,3.6273125844665106,21.095074508933585,-0.1361781118297038,-0.1900354205037957,4.882421594553985,0.0620018043826716,0.0010259205326765,-52.57422117012851,2023-01-17,2025-10-28,,95.0,77.5,90.0,13.750000000000002,100.0,77.94,,,1250000.0
120842,Kotak Mahindra MF,Kotak Emerging Equity Fund - Regular - Growth,Equity,Mid Cap,Regular,1.56,22.51898694246592,7.75416750547262,,False,5.619872413762051,15.131095633895365,-0.0581668114149224,-0.0806959676413177,7.80443887615508,0.0180568742081181,0.0001691554883831,-24.00351132627489,2023-11-09,2024-10-17,2025-10-14,70.0,72.5,72.5,82.5,82.5,74.25,,,580000.0
101208,Aditya Birla Sun Life MF,ABSL Liquid Fund - Regular - Growth,Debt,Liquid,Regular,0.79,7.241777200393584,6.314299292105274,,False,4.352162036092684,0.461860837197231,-4.650400707150914,-8.741654278994412,6.086145795787115,0.0002667096833823,4.6076236771052326e-05,-0.1622498024471785,2023-09-05,2023-09-12,2023-09-22,77.5,100.0,82.5,27.500000000000004,7.5,69.62,,,460000.0
100025,HDFC Mutual Fund,HDFC Short Term Debt Fund - Regular - Growth,Debt,Short Duration,Regular,0.56,3.7075527018896497,3.9154793546847033,,False,3.064015917896624,3.304017152036813,-1.0399413574427756,-1.4612200367895023,4.281792031506088,0.0011582183155281,1.4612842041845034e-05,-4.308263824636349,2023-05-23,2023-07-28,2024-01-30,85.0,92.5,95.0,5.0,10.0,69.38,,,930000.0
119120,SBI Mutual Fund,SBI Magnum Gilt Fund - Regular Plan - Growth,Debt,Gilt,Regular,0.77,5.525880326360788,5.838988442093762,,False,4.004812909236466,3.357814142204654,-0.7430986305648412,-1.045909778283203,5.620895216638369,-0.0064138507282764,0.000434260332172,-4.328728923970093,2024-09-16,2025-04-01,2025-08-22,80.0,87.5,85.0,22.5,12.5,67.5,,,1250000.0
118636,Nippon India MF,Nippon India Gilt Securities Fund - Regular - Growth,Debt,Gilt,Regular,0.55,10.46246278808034,4.061259859840338,,False,3.631211434065539,3.3727480304525668,-0.8505789759662293,-1.2383022198784406,5.074772999976104,0.0012566742731558,1.651665231033275e-05,-8.316361763638703,2023-02-09,2024-02-09,2024-11-01,82.5,90.0,87.5,2.5,15.0,66.62,,,700000.0
120844,Kotak Mahindra MF,Kotak Liquid Fund - Regular - Growth,Debt,Liquid,Regular,0.6,7.125369741102916,6.694394239074852,,False,4.614907735094514,0.4712319548628601,-4.000348969233409,-7.768003070332341,6.4556774953759986,-0.0004007442394784,0.0001012543569227,-0.1162932795616855,2024-04-12,2024-04-30,2024-05-03,75.0,97.5,80.0,7.5,5.0,64.5,,,580000.0
120507,ICICI Prudential MF,ICICI Pru Liquid Fund - Regular - Growth,Debt,Liquid,Regular,0.74,7.430320855847317,7.392538786263403,,False,4.822542504748042,0.4595542446781668,-3.65018387856848,-7.208233748898269,6.746210411099539,-0.0004440926329707,0.0001343066144067,-0.0977314004592555,2025-10-16,2025-10-20,2025-10-24,72.5,95.0,77.5,17.5,2.5,63.88,,,1074000.0
120841,Kotak Mahindra MF,Kotak Bluechip Fund - Regular - Growth,Equity,Large Cap,Regular,1.59,16.849551529398422,17.263014444437943,,False,9.405630002008191,11.3893833150233,0.2551174125622313,0.3766193408262904,13.042924450705446,0.0363563990221997,0.0012113711061211,-17.57361416468729,2024-01-09,2025-02-14,2025-12-04,55.00000000000001,60.0,62.5,87.5,60.0,63.12,,,580000.0
118634,Nippon India MF,Nippon India Small Cap Fund - Regular - Growth,Equity,Small Cap,Regular,1.53,15.8228664455887,8.0060298597036,,False,12.740641404379566,21.34696587931458,0.2923432510109931,0.4113036004766504,17.50072167561127,0.1034966369133759,0.0027930065610663,-23.34488614483311,2025-04-09,2026-02-20,2026-04-15,67.5,57.49999999999999,45.0,71.25,80.0,62.31,,,700000.0
125498,HDFC Mutual Fund,HDFC Mid-Cap Opportunities Fund - Direct - Growth,Equity,Mid Cap,Direct,0.78,15.455077019290384,11.242518737374208,,False,8.592088484593447,15.520192817080062,0.1347978410610397,0.1929471272012594,11.98910097121797,0.0090544126217391,4.043746553634244e-05,-21.11727956013212,2025-04-04,2025-09-12,2026-02-18,65.0,65.0,65.0,25.0,72.5,59.75,,,930000.0
149322,DSP Mutual Fund,DSP Top 100 Equity Fund - Regular - Growth,Equity,Large Cap,Regular,1.54,18.12461925339035,18.03973982038829,,False,9.409879926976204,12.141529821671089,0.2396633677728518,0.3329520941712112,13.173190226099432,-0.0040502711300065,1.322760788085046e-05,-14.844576917771748,2022-01-03,2022-02-04,2022-05-17,52.5,62.5,60.0,76.25,40.0,58.81,,,230000.0
102887,UTI Mutual Fund,UTI Flexi Cap Fund - Regular - Growth,Equity,Flexi Cap,Regular,1.64,13.59304393755194,25.549670172502022,,False,11.627698030881492,13.331254069504205,0.3846373345033844,0.571857543023029,16.211256794033254,0.0166826894377708,0.0001861916643285,-21.539827112383225,2022-01-03,2022-07-04,2023-03-16,32.5,55.00000000000001,52.5,98.75,75.0,56.31,,,410000.0
119093,Axis Mutual Fund,Axis Bluechip Fund - Direct - Growth,Equity,Large Cap,Direct,0.75,19.781538524100498,20.8115598266319,,False,5.9433671910602515,11.82482043206589,-0.0470732568107588,-0.0678998121000957,8.232801295222094,0.0258832124400931,0.0005692038090244,-21.751396370148225,2022-02-24,2023-05-22,2023-12-26,40.0,70.0,70.0,20.0,77.5,54.25,,,350000.0
120506,ICICI Prudential MF,ICICI Pru Value Discovery Fund - Regular - Growth,Equity,Value,Regular,1.41,41.85299002066023,18.417429266835228,,False,11.71362158251039,12.885373550313032,0.4046154783292049,0.5781364061026487,16.25385327998104,0.0418964627281197,0.001257117810822,-19.82565826298267,2023-03-31,2023-08-14,2024-01-11,50.0,47.5,50.0,47.5,67.5,50.75,,,1074000.0
148568,Mirae Asset MF,Mirae Asset Emerging Bluechip Fund - Regular - Growth,Equity,Large & Mid Cap,Regular,1.52,14.279834500870736,14.744434832760533,,False,14.866087533335284,13.05827825255206,0.6406730942266643,0.9557671943813264,20.873010086942337,-0.026387719943843,0.0004859264752797,-15.27259422823477,2023-09-05,2024-01-24,2024-04-25,60.0,37.5,35.0,66.25,47.5,49.06,,,290000.0
120503,ICICI Prudential MF,ICICI Pru Bluechip Fund - Regular - Growth,Equity,Large Cap,Regular,1.42,8.495135972254552,13.974980348212672,,False,12.569219372774596,11.749520419593235,0.5165503915082101,0.7329158023031636,17.703302365844074,-0.0402689523698206,0.0013974446083318,-13.897862823061637,2023-09-19,2023-11-09,2024-03-11,62.5,42.5,42.5,50.0,35.0,48.88,,,1074000.0
102885,UTI Mutual Fund,UTI Nifty 50 Index Fund - Regular - Growth,Equity,Index,Regular,1.57,20.222858595384665,19.662361245910965,,False,12.146939540005636,10.863737121166013,0.519797145036178,0.7729719235511076,17.048756803412697,-0.0194867856894745,0.0003828503073092,-10.85986215250232,2022-02-03,2022-03-29,2022-05-23,45.0,40.0,47.5,85.0,17.5,47.5,,,410000.0
118635,Nippon India MF,Nippon India ETF Nifty 50 BeES,Equity,Index/ETF,Direct,0.89,22.510248103762276,20.00321571698329,,False,10.819292907873196,10.985306633798697,0.3931881969124056,0.5694261625753935,15.13635464823924,-0.0014335213897801,2.0253408972328425e-06,-11.650624505409091,2022-01-03,2022-06-09,2023-01-09,42.5,50.0,57.49999999999999,32.5,25.0,44.12,,,700000.0
118633,Nippon India MF,Nippon India Large Cap Fund - Direct - Growth,Equity,Large Cap,Direct,0.72,25.559539940517386,21.084691029380597,,False,11.10469272541956,11.842466866302145,0.3888288460001742,0.5886328565297932,15.643835948169668,-0.0366390067186093,0.0011382947171084,-18.62974313859551,2023-10-30,2024-02-29,2024-07-26,37.5,52.5,55.00000000000001,13.750000000000002,65.0,43.94,,,700000.0
125497,HDFC Mutual Fund,HDFC Top 100 Fund - Direct Plan - Growth,Equity,Large Cap,Direct,0.92,28.6975804558778,18.429918008610045,,False,12.784118487243203,12.412510324744543,0.5062729716095956,0.7347975997481632,17.729754927531765,0.0488204042595773,0.0018401792783071,-15.200013055606398,2023-12-22,2025-01-01,2025-04-16,47.5,45.0,40.0,35.0,45.0,43.25,,,930000.0
119552,SBI Mutual Fund,SBI Bluechip Fund - Direct Plan - Growth,Equity,Large Cap,Direct,0.66,5.7101178520777784,16.263375081360643,,False,14.148439472812363,11.79875061890182,0.6482414723266908,0.9265632920561696,19.86859936686296,-0.0261593075135134,0.0005850821704543,-11.803493502764296,2024-05-21,2024-09-02,2025-02-11,57.49999999999999,35.0,37.5,10.0,27.500000000000004,37.75,,,1250000.0
118632,Nippon India MF,Nippon India Large Cap Fund - Regular - Growth,Equity,Large Cap,Regular,1.51,34.007895823651204,22.646647456747715,,False,15.589574179989109,11.978074493866073,0.7588510310771439,1.0988795112458638,21.829397904608644,-0.008353832126962,5.7917562701278335e-05,-17.41407508665723,2024-01-02,2024-07-19,2025-05-21,35.0,20.0,27.500000000000004,61.25000000000001,57.49999999999999,35.94,,,700000.0
149323,DSP Mutual Fund,DSP Midcap Fund - Regular - Growth,Equity,Mid Cap,Regular,1.61,21.497414349538225,26.863103668817143,,False,19.012349884465205,15.02289807114623,0.8328852279505965,1.167793379907482,26.59857754204305,-0.0025230046646992,3.357978192008859e-06,-17.24810575345138,2022-06-06,2022-10-24,2022-12-20,27.500000000000004,15.0,20.0,95.0,55.00000000000001,35.75,,,230000.0
149324,DSP Mutual Fund,DSP Small Cap Fund - Regular - Growth,Equity,Small Cap,Regular,1.52,65.19546577826334,26.99350260734621,,False,21.51648931199568,21.01908465972875,0.7144216579881012,1.0309617308730283,30.05787817097677,0.0114551599605207,3.5329906267955625e-05,-31.171900300634213,2024-05-03,2025-01-03,2025-06-13,25.0,30.0,5.0,66.25,92.5,35.19,,,230000.0
101206,Aditya Birla Sun Life MF,ABSL Frontline Equity Fund - Regular - Growth,Equity,Large Cap,Regular,1.6,47.96379447633372,28.960211096593724,,False,15.347166831278516,12.332110247769965,0.7174089959890172,1.06390859680118,21.399784776051213,0.021086316250128,0.0003480482030714,-11.291596329323072,2023-04-24,2023-07-05,2023-09-28,22.5,25.0,30.0,91.25,22.5,34.94,,,460000.0
119598,SBI Mutual Fund,SBI Small Cap Fund - Regular Plan - Growth,Equity,Small Cap,Regular,1.43,82.85157468100046,26.66309129954312,,False,21.639807381226877,21.27303133602435,0.7116901743847246,1.0672557743438265,30.336965386983323,-0.0231960620440596,0.0001414257550272,-28.706005721764548,2024-08-28,2025-05-14,2025-09-29,30.0,32.5,2.5,52.5,90.0,34.5,,,1250000.0
148569,Mirae Asset MF,Mirae Asset Tax Saver Fund - Regular - Growth,Equity,ELSS,Regular,1.6,39.78380253854239,29.17135767741186,,False,20.25311736662951,14.96454949053764,0.9190465356358284,1.3528150221233657,28.27036785246582,0.0181338840838592,0.0001748888656812,-16.39674294693263,2023-08-10,2023-10-20,2024-04-10,20.0,7.5,10.0,91.25,52.5,28.81,,,290000.0
119551,SBI Mutual Fund,SBI Bluechip Fund - Regular Plan - Growth,Equity,Large Cap,Regular,1.54,60.489297118400344,30.448613060027817,,False,16.518798671520766,11.63654183022033,0.8609773262277757,1.2914833497690066,23.201007160635083,-0.0317514411389097,0.0008869788879322,-15.012385498645331,2023-08-24,2024-02-05,2025-01-08,15.0,12.5,25.0,76.25,42.5,28.31,,,1250000.0
119094,Axis Mutual Fund,Axis Midcap Fund - Regular - Growth,Equity,Mid Cap,Regular,1.38,22.277897154308548,35.10252788903541,,False,18.498961473769388,16.42463139678321,0.7305467735561728,1.0552844773147765,26.07666908004223,-0.0662654286280375,0.0019368789369602,-20.960883862039193,2022-04-14,2022-08-11,2023-01-17,2.5,22.5,22.5,42.5,70.0,24.25,,,350000.0
120504,ICICI Prudential MF,ICICI Pru Bluechip Fund - Direct - Growth,Equity,Large Cap,Direct,0.8,13.073788394478305,32.478927222623,,False,15.189944144183364,12.159171405589165,0.7146822636441237,1.0639638792991957,21.19482701352573,0.016232169761417,0.0002121612907588,-12.588275606922515,2022-10-04,2023-05-30,2023-07-11,7.5,27.500000000000004,32.5,30.0,30.0,23.12,,,1074000.0
100033,HDFC Mutual Fund,HDFC Mid-Cap Opportunities Fund - Regular - Growth,Equity,Mid Cap,Regular,1.38,53.27719549540499,32.43397122906222,,False,19.455820981566937,16.029119278668055,0.8082678003905593,1.1442164603950202,27.19535450128533,0.0051035258305283,1.2066520635068168e-05,-16.217208574644847,2022-03-11,2022-05-12,2022-07-27,10.0,17.5,15.0,42.5,50.0,21.75,,,930000.0
120843,Kotak Mahindra MF,Kotak Flexicap Fund - Regular - Growth,Equity,Flexi Cap,Regular,1.45,26.677583918827153,29.57511058901836,,False,19.490975224138804,13.454333708270202,0.965560651744012,1.4795034584167766,27.330465038306055,-0.0228295697924265,0.0003430543427151,-12.97396816518679,2022-03-07,2022-04-13,2022-09-22,17.5,5.0,12.5,55.00000000000001,32.5,20.5,,,580000.0
120505,ICICI Prudential MF,ICICI Pru Midcap Fund - Regular - Growth,Equity,Mid Cap,Regular,1.36,29.627681171526877,31.769242852237323,,False,20.9245787807528,16.331148626873556,0.8832556184698839,1.2858427838168305,29.26358334175106,0.0005490042506317,1.345534167566885e-07,-18.188513572116292,2024-10-24,2025-01-23,2025-03-07,12.5,10.0,7.5,37.5,62.5,19.62,,,1074000.0
148567,Mirae Asset MF,Mirae Asset Large Cap Fund - Regular - Growth,Equity,Large Cap,Regular,1.46,20.37595706234765,33.991970400445304,,False,19.345399235710925,12.025007220633226,1.0682238272314737,1.4907389522947083,26.98375144191807,0.0236835580758486,0.0004625436906623,-11.265729075028275,2023-07-11,2023-10-20,2024-02-21,5.0,2.5,17.5,57.49999999999999,20.0,16.25,,,290000.0
